{
  "000_000": {
    "edges": [
      "000_001",
      "000_002"
    ],
    "local_location": [
      36.97361755371094,
      38.02054214477539,
      0.0
    ]
  },
  "000_001": {
    "edges": [
      "000_000",
      "000_002"
    ],
    "local_location": [
      36.99733352661133,
      36.05218505859375,
      0.0
    ]
  },
  "000_002": {
    "edges": [
      "000_000",
      "000_001"
    ],
    "local_location": [
      37.001399993896484,
      37.005287170410156,
      0.0
    ]
  }
}