{
  "000_000": {
    "edges": [
      "000_001",
      "000_011"
    ],
    "local_location": [
      34.6943359375,
      38.05824661254883,
      0.0
    ]
  },
  "000_001": {
    "edges": [
      "000_000",
      "000_002"
    ],
    "local_location": [
      36.84303665161133,
      38.003150939941406,
      0.0
    ]
  },
  "000_002": {
    "edges": [
      "000_001",
      "000_003",
      "000_004"
    ],
    "local_location": [
      36.84303665161133,
      39.60090637207031,
      0.0
    ]
  },
  "000_003": {
    "edges": [
      "000_002",
      "000_004"
    ],
    "local_location": [
      36.86140060424805,
      41.08846664428711,
      0.0
    ]
  },
  "000_004": {
    "edges": [
      "000_002",
      "000_003",
      "000_005"
    ],
    "local_location": [
      36.86140060424805,
      41.8414306640625,
      0.0
    ]
  },
  "000_005": {
    "edges": [
      "000_004",
      "000_006"
    ],
    "local_location": [
      34.98817443847656,
      41.951622009277344,
      0.0
    ]
  },
  "000_006": {
    "edges": [
      "000_005",
      "000_007"
    ],
    "local_location": [
      33.059852600097656,
      41.951622009277344,
      0.0
    ]
  },
  "000_007": {
    "edges": [
      "000_006",
      "000_008"
    ],
    "local_location": [
      31.021339416503906,
      41.98834991455078,
      0.0
    ]
  },
  "000_008": {
    "edges": [
      "000_007",
      "000_009"
    ],
    "local_location": [
      29.772520065307617,
      41.951622009277344,
      0.0
    ]
  },
  "000_009": {
    "edges": [
      "000_008",
      "000_010"
    ],
    "local_location": [
      29.735790252685547,
      40.041664123535156,
      0.0
    ]
  },
  "000_010": {
    "edges": [
      "000_009",
      "000_011"
    ],
    "local_location": [
      29.7541561126709,
      38.021514892578125,
      0.0
    ]
  },
  "000_011": {
    "edges": [
      "000_000",
      "000_010"
    ],
    "local_location": [
      32.19669723510742,
      38.003150939941406,
      0.0
    ]
  }
}