{
  "000_000": {
    "edges": [
      "000_001",
      "000_028",
      "000_029",
      "000_033",
      "000_038"
    ],
    "local_location": [
      36.92504119873047,
      38.00555419921875,
      0.0
    ]
  },
  "000_001": {
    "edges": [
      "000_000",
      "000_002"
    ],
    "local_location": [
      36.970855712890625,
      35.98974609375,
      0.0
    ]
  },
  "000_002": {
    "edges": [
      "000_001",
      "000_003",
      "000_005",
      "000_009"
    ],
    "local_location": [
      37.01760482788086,
      33.964813232421875,
      0.0
    ]
  },
  "000_003": {
    "edges": [
      "000_002",
      "000_004",
      "000_007",
      "000_010"
    ],
    "local_location": [
      37.00313949584961,
      31.968120574951172,
      0.0
    ]
  },
  "000_004": {
    "edges": [
      "000_003",
      "000_008",
      "000_011"
    ],
    "local_location": [
      37.01760482788086,
      30.01483726501465,
      0.0
    ]
  },
  "000_005": {
    "edges": [
      "000_002",
      "000_006",
      "000_007"
    ],
    "local_location": [
      34.99197769165039,
      33.979278564453125,
      0.0
    ]
  },
  "000_006": {
    "edges": [
      "000_005",
      "000_007",
      "000_012"
    ],
    "local_location": [
      35.006446838378906,
      32.980934143066406,
      0.0
    ]
  },
  "000_007": {
    "edges": [
      "000_003",
      "000_005",
      "000_006",
      "000_008"
    ],
    "local_location": [
      35.006446838378906,
      31.953651428222656,
      0.0
    ]
  },
  "000_008": {
    "edges": [
      "000_004",
      "000_007"
    ],
    "local_location": [
      35.006446838378906,
      29.95696258544922,
      0.0
    ]
  },
  "000_009": {
    "edges": [
      "000_002",
      "000_010"
    ],
    "local_location": [
      39.01429748535156,
      33.99374771118164,
      0.0
    ]
  },
  "000_010": {
    "edges": [
      "000_003",
      "000_009",
      "000_011"
    ],
    "local_location": [
      39.01429748535156,
      32.01152801513672,
      0.0
    ]
  },
  "000_011": {
    "edges": [
      "000_004",
      "000_010"
    ],
    "local_location": [
      39.02876663208008,
      30.000368118286133,
      0.0
    ]
  },
  "000_012": {
    "edges": [
      "000_006",
      "000_013",
      "000_020"
    ],
    "local_location": [
      33.0069465637207,
      32.99609375,
      0.0
    ]
  },
  "000_013": {
    "edges": [
      "000_012",
      "000_014"
    ],
    "local_location": [
      31.012126922607422,
      32.984222412109375,
      0.0
    ]
  },
  "000_014": {
    "edges": [
      "000_013",
      "000_015"
    ],
    "local_location": [
      29.63475227355957,
      33.01984405517578,
      0.0
    ]
  },
  "000_015": {
    "edges": [
      "000_014",
      "000_016"
    ],
    "local_location": [
      29.618165969848633,
      34.96653747558594,
      0.0
    ]
  },
  "000_016": {
    "edges": [
      "000_015",
      "000_017",
      "000_021",
      "000_032"
    ],
    "local_location": [
      29.653013229370117,
      36.97029113769531,
      0.0
    ]
  },
  "000_017": {
    "edges": [
      "000_016",
      "000_018",
      "000_031"
    ],
    "local_location": [
      31.423276901245117,
      36.95027160644531,
      0.0
    ]
  },
  "000_018": {
    "edges": [
      "000_017",
      "000_019",
      "000_020"
    ],
    "local_location": [
      32.88663864135742,
      36.93578338623047,
      0.0
    ]
  },
  "000_019": {
    "edges": [
      "000_018",
      "000_020"
    ],
    "local_location": [
      32.901126861572266,
      35.595577239990234,
      0.0
    ]
  },
  "000_020": {
    "edges": [
      "000_012",
      "000_018",
      "000_019"
    ],
    "local_location": [
      32.92285919189453,
      34.639320373535156,
      0.0
    ]
  },
  "000_021": {
    "edges": [
      "000_016",
      "000_022",
      "000_032"
    ],
    "local_location": [
      29.68069839477539,
      38.98622131347656,
      0.0
    ]
  },
  "000_022": {
    "edges": [
      "000_021",
      "000_023"
    ],
    "local_location": [
      29.758075714111328,
      40.9830207824707,
      0.0
    ]
  },
  "000_023": {
    "edges": [
      "000_022",
      "000_024"
    ],
    "local_location": [
      29.733915328979492,
      41.997745513916016,
      0.0
    ]
  },
  "000_024": {
    "edges": [
      "000_023",
      "000_025"
    ],
    "local_location": [
      30.990243911743164,
      41.97358703613281,
      0.0
    ]
  },
  "000_025": {
    "edges": [
      "000_024",
      "000_026"
    ],
    "local_location": [
      32.971378326416016,
      41.97358703613281,
      0.0
    ]
  },
  "000_026": {
    "edges": [
      "000_025",
      "000_027",
      "000_036"
    ],
    "local_location": [
      35.00082015991211,
      41.99774932861328,
      0.0
    ]
  },
  "000_027": {
    "edges": [
      "000_026",
      "000_028",
      "000_035",
      "000_036",
      "000_043"
    ],
    "local_location": [
      37.0061149597168,
      42.00982666015625,
      0.0
    ]
  },
  "000_028": {
    "edges": [
      "000_000",
      "000_027",
      "000_034",
      "000_037"
    ],
    "local_location": [
      37.0302619934082,
      40.00453186035156,
      0.0
    ]
  },
  "000_029": {
    "edges": [
      "000_000",
      "000_030",
      "000_038"
    ],
    "local_location": [
      35.01288986206055,
      37.99924087524414,
      0.0
    ]
  },
  "000_030": {
    "edges": [
      "000_029",
      "000_031"
    ],
    "local_location": [
      33.00759506225586,
      37.987159729003906,
      0.0
    ]
  },
  "000_031": {
    "edges": [
      "000_030",
      "000_032"
    ],
    "local_location": [
      31.42032241821289,
      38.001548767089844,
      0.0
    ]
  },
  "000_032": {
    "edges": [
      "000_016",
      "000_021",
      "000_031"
    ],
    "local_location": [
      29.681644439697266,
      37.977840423583984,
      0.0
    ]
  },
  "000_033": {
    "edges": [
      "000_000",
      "000_034",
      "000_038",
      "000_039",
      "000_040"
    ],
    "local_location": [
      38.01137161254883,
      37.99919891357422,
      0.0
    ]
  },
  "000_034": {
    "edges": [
      "000_028",
      "000_033",
      "000_035",
      "000_037"
    ],
    "local_location": [
      38.01137161254883,
      39.97874069213867,
      0.0
    ]
  },
  "000_035": {
    "edges": [
      "000_027",
      "000_034",
      "000_036",
      "000_043"
    ],
    "local_location": [
      38.00171661376953,
      41.987247467041016,
      0.0
    ]
  },
  "000_036": {
    "edges": [
      "000_026",
      "000_027",
      "000_035",
      "000_037"
    ],
    "local_location": [
      36.01251983642578,
      42.01621627807617,
      0.0
    ]
  },
  "000_037": {
    "edges": [
      "000_028",
      "000_034",
      "000_036",
      "000_038"
    ],
    "local_location": [
      36.002864837646484,
      39.98839569091797,
      0.0
    ]
  },
  "000_038": {
    "edges": [
      "000_000",
      "000_029",
      "000_033",
      "000_037"
    ],
    "local_location": [
      35.99320983886719,
      37.99919891357422,
      0.0
    ]
  },
  "000_039": {
    "edges": [
      "000_033",
      "000_040"
    ],
    "local_location": [
      39.52287673950195,
      37.99745559692383,
      0.0
    ]
  },
  "000_040": {
    "edges": [
      "000_033",
      "000_039",
      "000_041"
    ],
    "local_location": [
      40.51088333129883,
      37.99745559692383,
      0.0
    ]
  },
  "000_041": {
    "edges": [
      "000_040",
      "000_042"
    ],
    "local_location": [
      40.51860046386719,
      39.99662780761719,
      0.0
    ]
  },
  "000_042": {
    "edges": [
      "000_041",
      "000_043"
    ],
    "local_location": [
      40.51088333129883,
      41.99580001831055,
      0.0
    ]
  },
  "000_043": {
    "edges": [
      "000_027",
      "000_035",
      "000_042"
    ],